code_level1,code_level2,code_level3,task_level1,task_level2,task_level3
010000,010100,010101,Personal Care,Sleeping,Sleeping
010000,010100,010102,Personal Care,Sleeping,Sleeplessness
010000,010100,010199,Personal Care,Sleeping,Other Sleeping
010000,010200,010201,Personal Care,Grooming,"Washing, dressing, and grooming oneself"
010000,010200,010299,Personal Care,Grooming,Other Grooming
010000,010300,010301,Personal Care,Health-Related Self Care,Health-related self care
010000,010300,010399,Personal Care,Health-Related Self Care,Other Self care
010000,010400,010401,Personal Care,Personal Activities,Personal or private activities
010000,010400,010499,Personal Care,Personal Activities,Other Personal activities
010000,010500,010501,Personal Care,Personal Care Emergencies,Personal emergencies
010000,010500,010599,Personal Care,Personal Care Emergencies,Other Personal care emergencies
010000,019900,019999,Personal Care,"Personal Care, n.e.c.",Other Personal care
020000,020100,020101,Household Activities,Housework,Interior cleaning
020000,020100,020102,Household Activities,Housework,Laundry
020000,020100,020103,Household Activities,Housework,"Sewing, repairing, and maintaining textiles"
020000,020100,020104,Household Activities,Housework,"Storing interior household items, including food"
020000,020100,020199,Household Activities,Housework,Other Housework
020000,020200,020201,Household Activities,"Food and Drink Preparation, Presentation, and Clean-up",Food and drink preparation
020000,020200,020202,Household Activities,"Food and Drink Preparation, Presentation, and Clean-up",Food presentation
020000,020200,020203,Household Activities,"Food and Drink Preparation, Presentation, and Clean-up",Kitchen and food clean-up
020000,020200,020299,Household Activities,"Food and Drink Preparation, Presentation, and Clean-up","Other Food and drink preparation, presentation, and clean-up"
020000,020300,020301,Household Activities,"Interior Maintenance, Repair, and Decoration","Interior arrangement, decoration, and repairs"
020000,020300,020302,Household Activities,"Interior Maintenance, Repair, and Decoration",Building and repairing furniture
020000,020300,020303,Household Activities,"Interior Maintenance, Repair, and Decoration",Heating and cooling
020000,020300,020399,Household Activities,"Interior Maintenance, Repair, and Decoration","Other Interior maintenance, repair, and decoration"
020000,020400,020401,Household Activities,"Exterior Maintenance, Repair, and Decoration",Exterior cleaning
020000,020400,020402,Household Activities,"Exterior Maintenance, Repair, and Decoration","Exterior repair, improvements, and decoration"
020000,020400,020499,Household Activities,"Exterior Maintenance, Repair, and Decoration","Other Exterior maintenance, repair, and decoration"
020000,020500,020501,Household Activities,"Lawn, Garden, and Houseplants","Lawn, garden, and houseplant care"
020000,020500,020502,Household Activities,"Lawn, Garden, and Houseplants","Ponds, pools, and hot tubs"
020000,020500,020599,Household Activities,"Lawn, Garden, and Houseplants",Other Lawn and garden
020000,020600,020601,Household Activities,Animals and Pets,Care for animals and pets (not veterinary care) (2003-2007)
020000,020600,020602,Household Activities,Animals and Pets,Care for animals and pets (not veterinary care) (2008+)
020000,020600,020603,Household Activities,Animals and Pets,"Walking, exercising, playing with animals (2008+)"
020000,020600,020699,Household Activities,Animals and Pets,Other Pet and animal care
020000,020700,020701,Household Activities,Vehicles,Vehicle repair and maintenance (by self)
020000,020700,020799,Household Activities,Vehicles,Other Vehicles
020000,020800,020801,Household Activities,"Appliances, Tools, and Toys","Appliance, tool, and toy set-up, repair, and maintenance (by self)"
020000,020800,020899,Household Activities,"Appliances, Tools, and Toys",Other Appliances and tools
020000,020900,020901,Household Activities,Household Management,Financial management
020000,020900,020902,Household Activities,Household Management,Household and personal organization and planning
020000,020900,020903,Household Activities,Household Management,Household and personal mail and messages (except e-mail)
020000,020900,020904,Household Activities,Household Management,Household and personal e-mail and messages
020000,020900,020905,Household Activities,Household Management,Home security
020000,020900,020999,Household Activities,Household Management,Other Household management
020000,029900,029999,Household Activities,"Household Activities, n.e.c.",Other Household activities
030000,030100,030101,Caring for and Helping Household Members,Caring for and Helping Household Children,Physical care for household children
030000,030100,030102,Caring for and Helping Household Members,Caring for and Helping Household Children,Reading to or with household children
030000,030100,030103,Caring for and Helping Household Members,Caring for and Helping Household Children,"Playing with household children, not sports"
030000,030100,030104,Caring for and Helping Household Members,Caring for and Helping Household Children,Arts and crafts with household children
030000,030100,030105,Caring for and Helping Household Members,Caring for and Helping Household Children,Playing sports with household children
030000,030100,030106,Caring for and Helping Household Members,Caring for and Helping Household Children,Talking with or listening to household children
030000,030100,030107,Caring for and Helping Household Members,Caring for and Helping Household Children,Helping or teaching household children (not related to education) (2003)
030000,030100,030108,Caring for and Helping Household Members,Caring for and Helping Household Children,Organization and planning for household children
030000,030100,030109,Caring for and Helping Household Members,Caring for and Helping Household Children,Looking after household children (as a primary activity)
030000,030100,030110,Caring for and Helping Household Members,Caring for and Helping Household Children,Attending household children's events
030000,030100,030111,Caring for and Helping Household Members,Caring for and Helping Household Children,Waiting for or with household children
030000,030100,030112,Caring for and Helping Household Members,Caring for and Helping Household Children,Picking up or dropping off household children
030000,030100,030199,Caring for and Helping Household Members,Caring for and Helping Household Children,Other Caring for and helping household children
030000,030200,030201,Caring for and Helping Household Members,Activities Related to Household Children's Education,Homework (household children)
030000,030200,030202,Caring for and Helping Household Members,Activities Related to Household Children's Education,Meetings and school conferences (household children)
030000,030200,030203,Caring for and Helping Household Members,Activities Related to Household Children's Education,Home schooling of household children
030000,030200,030204,Caring for and Helping Household Members,Activities Related to Household Children's Education,Waiting associated with household children's education
030000,030200,030299,Caring for and Helping Household Members,Activities Related to Household Children's Education,Other Activities related to household child's education
030000,030300,030301,Caring for and Helping Household Members,Activities Related to Household Children's Health,Providing medical care to household children
030000,030300,030302,Caring for and Helping Household Members,Activities Related to Household Children's Health,Obtaining medical care for household children
030000,030300,030303,Caring for and Helping Household Members,Activities Related to Household Children's Health,Waiting associated with household children's health
030000,030300,030399,Caring for and Helping Household Members,Activities Related to Household Children's Health,Other Activities related to household child's health
030000,030400,030401,Caring for and Helping Household Members,Caring for Household Adults,Physical care for household adults
030000,030400,030402,Caring for and Helping Household Members,Caring for Household Adults,Looking after household adult (as a primary activity)
030000,030400,030403,Caring for and Helping Household Members,Caring for Household Adults,Providing medical care to household adult
030000,030400,030404,Caring for and Helping Household Members,Caring for Household Adults,Obtaining medical and care services for household adult
030000,030400,030405,Caring for and Helping Household Members,Caring for Household Adults,Waiting associated with caring for household adults
030000,030400,030499,Caring for and Helping Household Members,Caring for Household Adults,Other Caring for household adults
030000,030500,030501,Caring for and Helping Household Members,Helping Household Adults,Helping household adults
030000,030500,030502,Caring for and Helping Household Members,Helping Household Adults,Organization and planning for household adults
030000,030500,030503,Caring for and Helping Household Members,Helping Household Adults,Picking up or dropping off household adult
030000,030500,030504,Caring for and Helping Household Members,Helping Household Adults,Waiting associated with helping household adults
030000,030500,030599,Caring for and Helping Household Members,Helping Household Adults,Other Helping household adults
030000,039900,039999,Caring for and Helping Household Members,"Caring for and Helping Household Members, n.e.c.",Other Caring for and helping household members
040000,040100,040101,Caring for and Helping Non-Household Members,Caring for and Helping Non-Household Children,Physical care for non-household children
040000,040100,040102,Caring for and Helping Non-Household Members,Caring for and Helping Non-Household Children,Reading to or with non-household children
040000,040100,040103,Caring for and Helping Non-Household Members,Caring for and Helping Non-Household Children,"Playing with non-household children, not sports"
040000,040100,040104,Caring for and Helping Non-Household Members,Caring for and Helping Non-Household Children,Arts and crafts with non-household children
040000,040100,040105,Caring for and Helping Non-Household Members,Caring for and Helping Non-Household Children,Playing sports with non-household children
040000,040100,040106,Caring for and Helping Non-Household Members,Caring for and Helping Non-Household Children,Talking with or listening to non-household children
040000,040100,040107,Caring for and Helping Non-Household Members,Caring for and Helping Non-Household Children,Helping or teaching non-household children (not related to education) (2003)
040000,040100,040108,Caring for and Helping Non-Household Members,Caring for and Helping Non-Household Children,Organization and planning for non-household children
040000,040100,040109,Caring for and Helping Non-Household Members,Caring for and Helping Non-Household Children,Looking after non-household children (as primary activity)
040000,040100,040110,Caring for and Helping Non-Household Members,Caring for and Helping Non-Household Children,Attending non-household children's events
040000,040100,040111,Caring for and Helping Non-Household Members,Caring for and Helping Non-Household Children,Waiting for or with non-household children
040000,040100,040112,Caring for and Helping Non-Household Members,Caring for and Helping Non-Household Children,Dropping off or picking up non-household children
040000,040100,040199,Caring for and Helping Non-Household Members,Caring for and Helping Non-Household Children,Other Caring for and helping non-household children
040000,040200,040201,Caring for and Helping Non-Household Members,Activities Related to Non-Household Children's Education,Homework (non-household children)
040000,040200,040202,Caring for and Helping Non-Household Members,Activities Related to Non-Household Children's Education,Meetings and school conferences (non-household children)
040000,040200,040203,Caring for and Helping Non-Household Members,Activities Related to Non-Household Children's Education,Home schooling of non-household children
040000,040200,040204,Caring for and Helping Non-Household Members,Activities Related to Non-Household Children's Education,Waiting associated with non-household children's education
040000,040200,040299,Caring for and Helping Non-Household Members,Activities Related to Non-Household Children's Education,Other Activities related to non-household child's education
040000,040300,040301,Caring for and Helping Non-Household Members,Activities Related to Non-Household Children's Health,Providing medical care to non-household children
040000,040300,040302,Caring for and Helping Non-Household Members,Activities Related to Non-Household Children's Health,Obtaining medical care for non-household children
040000,040300,040303,Caring for and Helping Non-Household Members,Activities Related to Non-Household Children's Health,Waiting associated with non-household children's health
040000,040300,040399,Caring for and Helping Non-Household Members,Activities Related to Non-Household Children's Health,Other Activities related to non-household child's health
040000,040400,040401,Caring for and Helping Non-Household Members,Caring for Non-Household Adults,Physical care for non-household adults
040000,040400,040402,Caring for and Helping Non-Household Members,Caring for Non-Household Adults,Looking after non-household adult (as a primary activity)
040000,040400,040403,Caring for and Helping Non-Household Members,Caring for Non-Household Adults,Providing medical care to non-household adult
040000,040400,040404,Caring for and Helping Non-Household Members,Caring for Non-Household Adults,Obtaining medical and care services for non-household adult
040000,040400,040405,Caring for and Helping Non-Household Members,Caring for Non-Household Adults,Waiting associated with caring for non-household adults
040000,040400,040499,Caring for and Helping Non-Household Members,Caring for Non-Household Adults,Other Caring for non-household adults
040000,040500,040501,Caring for and Helping Non-Household Members,Helping Non-Household Adults,"Housework, cooking, and shopping assistance for non-household adults"
040000,040500,040502,Caring for and Helping Non-Household Members,Helping Non-Household Adults,House and lawn maintenance and repair assistance for non-household adults
040000,040500,040503,Caring for and Helping Non-Household Members,Helping Non-Household Adults,Animal and pet care assistance for non-household adults
040000,040500,040504,Caring for and Helping Non-Household Members,Helping Non-Household Adults,Vehicle and appliance maintenance or repair assistance for non-household adults
040000,040500,040505,Caring for and Helping Non-Household Members,Helping Non-Household Adults,Financial management assistance for non-household adults
040000,040500,040506,Caring for and Helping Non-Household Members,Helping Non-Household Adults,Household management and paperwork assistance for non-household adults
040000,040500,040507,Caring for and Helping Non-Household Members,Helping Non-Household Adults,Picking up or dropping off non-household adult
040000,040500,040508,Caring for and Helping Non-Household Members,Helping Non-Household Adults,Waiting associated with helping non-household adults
040000,040500,040599,Caring for and Helping Non-Household Members,Helping Non-Household Adults,Other Helping non-household adults
040000,049900,049999,Caring for and Helping Non-Household Members,"Caring for and Helping Non-Household Members, n.e.c.",Other Caring for and helping non-household members
050000,050100,050101,Work and Work-Related Activities,Working,"Work, main job"
050000,050100,050102,Work and Work-Related Activities,Working,"Work, other job(s)"
050000,050100,050103,Work and Work-Related Activities,Working,Security procedures related to work
050000,050100,050104,Work and Work-Related Activities,Working,Waiting associated with working (2004+)
050000,050100,050199,Work and Work-Related Activities,Working,Other Working
050000,050200,050201,Work and Work-Related Activities,Work-Related Activities,"Socializing, relaxing, and leisure as part of job"
050000,050200,050202,Work and Work-Related Activities,Work-Related Activities,Eating and drinking as part of job
050000,050200,050203,Work and Work-Related Activities,Work-Related Activities,Sports and exercise as part of job
050000,050200,050204,Work and Work-Related Activities,Work-Related Activities,Security procedures as part of job
050000,050200,050205,Work and Work-Related Activities,Work-Related Activities,Waiting associated with work-related activities (2004+)
050000,050200,050299,Work and Work-Related Activities,Work-Related Activities,Other Work-related activities
050000,050300,050301,Work and Work-Related Activities,Other Income-Generating Activities,"Income-generating hobbies, crafts, and food"
050000,050300,050302,Work and Work-Related Activities,Other Income-Generating Activities,Income-generating performances
050000,050300,050303,Work and Work-Related Activities,Other Income-Generating Activities,Income-generating services
050000,050300,050304,Work and Work-Related Activities,Other Income-Generating Activities,Income-generating rental property activities
050000,050300,050305,Work and Work-Related Activities,Other Income-Generating Activities,Waiting associated with other income-generating activities (2004+)
050000,050300,050399,Work and Work-Related Activities,Other Income-Generating Activities,Other Other income-generating activities
050000,050400,050401,Work and Work-Related Activities,Job Search and Interviewing,Job search activities
050000,050400,050403,Work and Work-Related Activities,Job Search and Interviewing,Job interviewing
050000,050400,050404,Work and Work-Related Activities,Job Search and Interviewing,Waiting associated with job search or interview
050000,050400,050405,Work and Work-Related Activities,Job Search and Interviewing,Security procedures related to job search or interviewing
050000,050400,050499,Work and Work-Related Activities,Job Search and Interviewing,Other Job search and interviewing
050000,059900,059999,Work and Work-Related Activities,"Work and Work-Related Activities, n.e.c.",Other Work and work-related activities
060000,060100,060101,Education,Taking Class,"Taking class for degree, certification, or licensure"
060000,060100,060102,Education,Taking Class,Taking class for personal interest
060000,060100,060103,Education,Taking Class,Waiting associated with taking classes
060000,060100,060104,Education,Taking Class,Security procedures related to taking classes
060000,060100,060199,Education,Taking Class,Other Taking class
060000,060200,060201,Education,Extracurricular School Activities (except sports),Extracurricular club activities
060000,060200,060202,Education,Extracurricular School Activities (except sports),Extracurricular music and performance activities
060000,060200,060203,Education,Extracurricular School Activities (except sports),Extracurricular student government activities
060000,060200,060204,Education,Extracurricular School Activities (except sports),Waiting associated with extracurricular activities (2004+)
060000,060200,060299,Education,Extracurricular School Activities (except sports),Other Education-related extracurricular activities
060000,060300,060301,Education,Research or Homework,"Research or homework for class (for degree, certification, or licensure)"
060000,060300,060302,Education,Research or Homework,Research or homework for class (for personal interest)
060000,060300,060303,Education,Research or Homework,Waiting associated with research or homework
060000,060300,060399,Education,Research or Homework,Other Research or homework
060000,060400,060401,Education,Registration or Administrative Activities,"Administrative activities: class for degree, certification, or licensure"
060000,060400,060402,Education,Registration or Administrative Activities,Administrative activities: class for personal interest
060000,060400,060403,Education,Registration or Administrative Activities,Waiting associated with administrative activities (education)
060000,060400,060499,Education,Registration or Administrative Activities,Other Administrative for education
060000,069900,069999,Education,"Education, n.e.c.",Other Education
070000,070100,070101,Consumer Purchases,"Shopping (store, telephone, internet)",Grocery shopping
070000,070100,070102,Consumer Purchases,"Shopping (store, telephone, internet)",Purchasing gas
070000,070100,070103,Consumer Purchases,"Shopping (store, telephone, internet)",Purchasing food (not groceries)
070000,070100,070104,Consumer Purchases,"Shopping (store, telephone, internet)","Shopping, except groceries, food, and gas"
070000,070100,070105,Consumer Purchases,"Shopping (store, telephone, internet)",Waiting associated with shopping
070000,070100,070199,Consumer Purchases,"Shopping (store, telephone, internet)",Other Shopping
070000,070200,070201,Consumer Purchases,Researching Purchases,Comparison shopping
070000,070200,070299,Consumer Purchases,Researching Purchases,Other Researching purchases
070000,070300,070301,Consumer Purchases,Security Procedures Related to Consumer Purchases,Security procedures related to consumer purchases
070000,070300,070399,Consumer Purchases,Security Procedures Related to Consumer Purchases,Other Security procedures related to consumer purchases
070000,079900,079999,Consumer Purchases,"Consumer Purchases, n.e.c.",Other Consumer purchases
080000,080100,080101,Professional and Personal Care Services,Childcare Services,Using paid childcare services
080000,080100,080102,Professional and Personal Care Services,Childcare Services,Waiting associated with purchasing childcare services
080000,080100,080199,Professional and Personal Care Services,Childcare Services,Other Using paid childcare services
080000,080200,080201,Professional and Personal Care Services,Financial Services and Banking,Banking
080000,080200,080202,Professional and Personal Care Services,Financial Services and Banking,Using other financial services
080000,080200,080203,Professional and Personal Care Services,Financial Services and Banking,Waiting associated with banking or financial services
080000,080200,080299,Professional and Personal Care Services,Financial Services and Banking,Other Using financial services and banking
080000,080300,080301,Professional and Personal Care Services,Legal Services,Using legal services
080000,080300,080302,Professional and Personal Care Services,Legal Services,Waiting associated with legal services
080000,080300,080399,Professional and Personal Care Services,Legal Services,Other Using legal services
080000,080400,080401,Professional and Personal Care Services,Medical and Care Services,Using health and care services outside the home
080000,080400,080402,Professional and Personal Care Services,Medical and Care Services,Using in-home health and care services
080000,080400,080403,Professional and Personal Care Services,Medical and Care Services,Waiting associated with medical services
080000,080400,080499,Professional and Personal Care Services,Medical and Care Services,Other Using medical services
080000,080500,080501,Professional and Personal Care Services,Personal Care Services,Using personal care services
080000,080500,080502,Professional and Personal Care Services,Personal Care Services,Waiting associated with personal care services
080000,080500,080599,Professional and Personal Care Services,Personal Care Services,Other Using personal care services
080000,080600,080601,Professional and Personal Care Services,Real Estate,Activities related to purchasing or selling real estate
080000,080600,080602,Professional and Personal Care Services,Real Estate,Waiting associated with purchasing or selling real estate
080000,080600,080699,Professional and Personal Care Services,Real Estate,Other Using real estate services
080000,080700,080701,Professional and Personal Care Services,Veterinary Services (excluding grooming),Using veterinary services
080000,080700,080702,Professional and Personal Care Services,Veterinary Services (excluding grooming),Waiting associated with veterinary services
080000,080700,080799,Professional and Personal Care Services,Veterinary Services (excluding grooming),Other Using veterinary services
080000,080800,080801,Professional and Personal Care Services,Security Procedures Related to Professional or Personal Services,Security procedures related to professional or personal services
080000,080800,080899,Professional and Personal Care Services,Security Procedures Related to Professional or Personal Services,Other Security procedures related to professional or personal services
080000,089900,089999,Professional and Personal Care Services,"Professional and Personal Services, n.e.c.",Other Professional and personal services
090000,090100,090101,Household Services,Household Services (not done by self),Using interior cleaning services
090000,090100,090102,Household Services,Household Services (not done by self),Using meal preparation services
090000,090100,090103,Household Services,Household Services (not done by self),Using clothing repair and cleaning services
090000,090100,090104,Household Services,Household Services (not done by self),Waiting associated with using household services
090000,090100,090199,Household Services,Household Services (not done by self),Other Using household services
090000,090200,090201,Household Services,"Home Maintenance, Repair, Decoration, and Construction (not done by self)","Using home maintenance, repair, decoration, or construction services"
090000,090200,090202,Household Services,"Home Maintenance, Repair, Decoration, and Construction (not done by self)","Waiting associated with home maintenance, repair, decoration, or construction"
090000,090200,090299,Household Services,"Home Maintenance, Repair, Decoration, and Construction (not done by self)","Other Using home maintenance, repair, decoration, or construction services"
090000,090300,090301,Household Services,Pet Services (not done by self and not veterinary care),Using pet services
090000,090300,090302,Household Services,Pet Services (not done by self and not veterinary care),Waiting associated with pet services
090000,090300,090399,Household Services,Pet Services (not done by self and not veterinary care),Other Using pet services
090000,090400,090401,Household Services,Lawn and Garden Services (not done by self),Using lawn and garden services
090000,090400,090402,Household Services,Lawn and Garden Services (not done by self),Waiting associated with using lawn and garden services
090000,090400,090499,Household Services,Lawn and Garden Services (not done by self),Other Using lawn and garden services
090000,090500,090501,Household Services,Vehicle Maintenance and Repair Services (not done by self),Using vehicle maintenance or repair services
090000,090500,090502,Household Services,Vehicle Maintenance and Repair Services (not done by self),Waiting associated with vehicle maintenance or repair services
090000,090500,090599,Household Services,Vehicle Maintenance and Repair Services (not done by self),Other Using vehicle maintenance and repair services
090000,099900,099999,Household Services,"Household Services, n.e.c.",Other Using household services
100000,100100,100101,Government Services and Civic Obligations,Using Government Services,Using police and fire services
100000,100100,100102,Government Services and Civic Obligations,Using Government Services,Using social services
100000,100100,100103,Government Services and Civic Obligations,Using Government Services,"Obtaining licenses and paying fines, fees, or taxes"
100000,100100,100199,Government Services and Civic Obligations,Using Government Services,Other Using government services
100000,100200,100201,Government Services and Civic Obligations,Civic Obligations and Participation,Civic obligations and participation
100000,100200,100299,Government Services and Civic Obligations,Civic Obligations and Participation,Other Civic obligations and participation
100000,100300,100303,Government Services and Civic Obligations,Waiting Associated with Government Services or Civic Obligations,Waiting associated with civic obligations and participation
100000,100300,100304,Government Services and Civic Obligations,Waiting Associated with Government Services or Civic Obligations,Waiting associated with using government services
100000,100300,100399,Government Services and Civic Obligations,Waiting Associated with Government Services or Civic Obligations,Other Waiting associated with government services or civic obligations
100000,100400,100401,Government Services and Civic Obligations,Security Procedures Related to Government Services or Civic Obligations,Security procedures related to government services or civic obligations
100000,100400,100499,Government Services and Civic Obligations,Security Procedures Related to Government Services or Civic Obligations,Other Security procedures related to government services or civic obligations
100000,109900,109999,Government Services and Civic Obligations,"Government Services, n.e.c.",Other Government services
110000,110100,110101,Eating and Drinking,Eating and Drinking,Eating and drinking
110000,110100,110199,Eating and Drinking,Eating and Drinking,Other Eating and drinking
110000,110200,110201,Eating and Drinking,Waiting Associated with Eating and Drinking,Waiting associated with eating and drinking
110000,110200,110299,Eating and Drinking,Waiting Associated with Eating and Drinking,Other Waiting associated with eating and drinking
110000,119900,119999,Eating and Drinking,"Eating and Drinking, n.e.c.",Other Eating and drinking
120000,120100,120101,"Socializing, Relaxing, and Leisure",Socializing and Communicating,Socializing and communicating with others
120000,120100,120199,"Socializing, Relaxing, and Leisure",Socializing and Communicating,Other Socializing and communicating
120000,120200,120201,"Socializing, Relaxing, and Leisure",Attending or Hosting Social Events,"Attending or hosting parties, receptions, or ceremonies"
120000,120200,120202,"Socializing, Relaxing, and Leisure",Attending or Hosting Social Events,Attending meetings for personal interest (not volunteering)
120000,120200,120299,"Socializing, Relaxing, and Leisure",Attending or Hosting Social Events,Other Attending or hosting social events
120000,120300,120301,"Socializing, Relaxing, and Leisure",Relaxing and Leisure,"Relaxing, thinking"
120000,120300,120302,"Socializing, Relaxing, and Leisure",Relaxing and Leisure,Tobacco and drug use
120000,120300,120303,"Socializing, Relaxing, and Leisure",Relaxing and Leisure,Television and movies (not religious)
120000,120300,120304,"Socializing, Relaxing, and Leisure",Relaxing and Leisure,Television (religious)
120000,120300,120305,"Socializing, Relaxing, and Leisure",Relaxing and Leisure,Listening to the radio
120000,120300,120306,"Socializing, Relaxing, and Leisure",Relaxing and Leisure,Listening to or playing music (not radio)
120000,120300,120307,"Socializing, Relaxing, and Leisure",Relaxing and Leisure,Playing games
120000,120300,120308,"Socializing, Relaxing, and Leisure",Relaxing and Leisure,Computer use for leisure (excluding games)
120000,120300,120309,"Socializing, Relaxing, and Leisure",Relaxing and Leisure,Arts and crafts as a hobby
120000,120300,120310,"Socializing, Relaxing, and Leisure",Relaxing and Leisure,Collecting as a hobby
120000,120300,120311,"Socializing, Relaxing, and Leisure",Relaxing and Leisure,"Hobbies, except arts and crafts and collecting"
120000,120300,120312,"Socializing, Relaxing, and Leisure",Relaxing and Leisure,Reading for personal interest
120000,120300,120313,"Socializing, Relaxing, and Leisure",Relaxing and Leisure,Writing for personal interest
120000,120300,120399,"Socializing, Relaxing, and Leisure",Relaxing and Leisure,Other Relaxing and leisure
120000,120400,120401,"Socializing, Relaxing, and Leisure",Arts and Entertainment (other than sports),Attending performing arts
120000,120400,120402,"Socializing, Relaxing, and Leisure",Arts and Entertainment (other than sports),Attending museums
120000,120400,120403,"Socializing, Relaxing, and Leisure",Arts and Entertainment (other than sports),Attending movies or film
120000,120400,120404,"Socializing, Relaxing, and Leisure",Arts and Entertainment (other than sports),Attending gambling establishments
120000,120400,120405,"Socializing, Relaxing, and Leisure",Arts and Entertainment (other than sports),Security procedures related to arts and entertainment
120000,120400,120499,"Socializing, Relaxing, and Leisure",Arts and Entertainment (other than sports),Other Arts and entertainment
120000,120500,120501,"Socializing, Relaxing, and Leisure","Waiting Associated with Socializing, Relaxing, and Leisure",Waiting associated with socializing and communicating
120000,120500,120502,"Socializing, Relaxing, and Leisure","Waiting Associated with Socializing, Relaxing, and Leisure",Waiting associated with attending or hosting social events
120000,120500,120503,"Socializing, Relaxing, and Leisure","Waiting Associated with Socializing, Relaxing, and Leisure",Waiting associated with relaxing or leisure
120000,120500,120504,"Socializing, Relaxing, and Leisure","Waiting Associated with Socializing, Relaxing, and Leisure",Waiting associated with arts and entertainment
120000,120500,120599,"Socializing, Relaxing, and Leisure","Waiting Associated with Socializing, Relaxing, and Leisure",Other Waiting associated with socializing
120000,129900,129999,"Socializing, Relaxing, and Leisure","Socializing, Relaxing, and Leisure, n.e.c.","Other Socializing, relaxing, and leisure"
130000,130100,130101,"Sports, Exercise, and Recreation","Participating in Sports, Exercise, or Recreation",Doing aerobics
130000,130100,130102,"Sports, Exercise, and Recreation","Participating in Sports, Exercise, or Recreation",Playing baseball
130000,130100,130103,"Sports, Exercise, and Recreation","Participating in Sports, Exercise, or Recreation",Playing basketball
130000,130100,130104,"Sports, Exercise, and Recreation","Participating in Sports, Exercise, or Recreation",Biking
130000,130100,130105,"Sports, Exercise, and Recreation","Participating in Sports, Exercise, or Recreation",Playing billiards
130000,130100,130106,"Sports, Exercise, and Recreation","Participating in Sports, Exercise, or Recreation",Boating
130000,130100,130107,"Sports, Exercise, and Recreation","Participating in Sports, Exercise, or Recreation",Bowling
130000,130100,130108,"Sports, Exercise, and Recreation","Participating in Sports, Exercise, or Recreation","Climbing, spelunking, caving"
130000,130100,130109,"Sports, Exercise, and Recreation","Participating in Sports, Exercise, or Recreation",Dancing
130000,130100,130110,"Sports, Exercise, and Recreation","Participating in Sports, Exercise, or Recreation",Participating in equestrian sports
130000,130100,130111,"Sports, Exercise, and Recreation","Participating in Sports, Exercise, or Recreation",Fencing
130000,130100,130112,"Sports, Exercise, and Recreation","Participating in Sports, Exercise, or Recreation",Fishing
130000,130100,130113,"Sports, Exercise, and Recreation","Participating in Sports, Exercise, or Recreation",Playing football
130000,130100,130114,"Sports, Exercise, and Recreation","Participating in Sports, Exercise, or Recreation",Golfing
130000,130100,130115,"Sports, Exercise, and Recreation","Participating in Sports, Exercise, or Recreation",Doing gymnastics
130000,130100,130116,"Sports, Exercise, and Recreation","Participating in Sports, Exercise, or Recreation",Hiking
130000,130100,130117,"Sports, Exercise, and Recreation","Participating in Sports, Exercise, or Recreation",Playing hockey
130000,130100,130118,"Sports, Exercise, and Recreation","Participating in Sports, Exercise, or Recreation",Hunting
130000,130100,130119,"Sports, Exercise, and Recreation","Participating in Sports, Exercise, or Recreation",Participating in martial arts
130000,130100,130120,"Sports, Exercise, and Recreation","Participating in Sports, Exercise, or Recreation",Playing racquet sports
130000,130100,130121,"Sports, Exercise, and Recreation","Participating in Sports, Exercise, or Recreation",Participating in rodeo competitions
130000,130100,130122,"Sports, Exercise, and Recreation","Participating in Sports, Exercise, or Recreation",Rollerblading
130000,130100,130123,"Sports, Exercise, and Recreation","Participating in Sports, Exercise, or Recreation",Playing rugby
130000,130100,130124,"Sports, Exercise, and Recreation","Participating in Sports, Exercise, or Recreation",Running
130000,130100,130125,"Sports, Exercise, and Recreation","Participating in Sports, Exercise, or Recreation","Skiing, ice skating, snowboarding"
130000,130100,130126,"Sports, Exercise, and Recreation","Participating in Sports, Exercise, or Recreation",Playing soccer
130000,130100,130127,"Sports, Exercise, and Recreation","Participating in Sports, Exercise, or Recreation",Playing softball
130000,130100,130128,"Sports, Exercise, and Recreation","Participating in Sports, Exercise, or Recreation",Using cardiovascular equipment
130000,130100,130129,"Sports, Exercise, and Recreation","Participating in Sports, Exercise, or Recreation",Vehicle touring or racing
130000,130100,130130,"Sports, Exercise, and Recreation","Participating in Sports, Exercise, or Recreation",Playing volleyball
130000,130100,130131,"Sports, Exercise, and Recreation","Participating in Sports, Exercise, or Recreation",Walking
130000,130100,130132,"Sports, Exercise, and Recreation","Participating in Sports, Exercise, or Recreation",Participating in water sports
130000,130100,130133,"Sports, Exercise, and Recreation","Participating in Sports, Exercise, or Recreation",Weightlifting or strength training
130000,130100,130134,"Sports, Exercise, and Recreation","Participating in Sports, Exercise, or Recreation","Working out, unspecified"
130000,130100,130135,"Sports, Exercise, and Recreation","Participating in Sports, Exercise, or Recreation",Wrestling
130000,130100,130136,"Sports, Exercise, and Recreation","Participating in Sports, Exercise, or Recreation",Doing yoga
130000,130100,130199,"Sports, Exercise, and Recreation","Participating in Sports, Exercise, or Recreation",Other Playing sports
130000,130200,130201,"Sports, Exercise, and Recreation",Attending Sports or Recreational Events,Watching aerobics
130000,130200,130202,"Sports, Exercise, and Recreation",Attending Sports or Recreational Events,Watching baseball
130000,130200,130203,"Sports, Exercise, and Recreation",Attending Sports or Recreational Events,Watching basketball
130000,130200,130204,"Sports, Exercise, and Recreation",Attending Sports or Recreational Events,Watching biking
130000,130200,130205,"Sports, Exercise, and Recreation",Attending Sports or Recreational Events,Watching billiards
130000,130200,130206,"Sports, Exercise, and Recreation",Attending Sports or Recreational Events,Watching boating
130000,130200,130207,"Sports, Exercise, and Recreation",Attending Sports or Recreational Events,Watching bowling
130000,130200,130208,"Sports, Exercise, and Recreation",Attending Sports or Recreational Events,"Watching climbing, spelunking, caving"
130000,130200,130209,"Sports, Exercise, and Recreation",Attending Sports or Recreational Events,Watching dancing
130000,130200,130210,"Sports, Exercise, and Recreation",Attending Sports or Recreational Events,Watching equestrian sports
130000,130200,130211,"Sports, Exercise, and Recreation",Attending Sports or Recreational Events,Watching fencing
130000,130200,130212,"Sports, Exercise, and Recreation",Attending Sports or Recreational Events,Watching fishing
130000,130200,130213,"Sports, Exercise, and Recreation",Attending Sports or Recreational Events,Watching football
130000,130200,130214,"Sports, Exercise, and Recreation",Attending Sports or Recreational Events,Watching golfing
130000,130200,130215,"Sports, Exercise, and Recreation",Attending Sports or Recreational Events,Watching gymnastics
130000,130200,130216,"Sports, Exercise, and Recreation",Attending Sports or Recreational Events,Watching hockey
130000,130200,130217,"Sports, Exercise, and Recreation",Attending Sports or Recreational Events,Watching martial arts
130000,130200,130218,"Sports, Exercise, and Recreation",Attending Sports or Recreational Events,Watching racquet sports
130000,130200,130219,"Sports, Exercise, and Recreation",Attending Sports or Recreational Events,Watching rodeo competitions
130000,130200,130220,"Sports, Exercise, and Recreation",Attending Sports or Recreational Events,Watching rollerblading
130000,130200,130221,"Sports, Exercise, and Recreation",Attending Sports or Recreational Events,Watching rugby
130000,130200,130222,"Sports, Exercise, and Recreation",Attending Sports or Recreational Events,Watching running
130000,130200,130223,"Sports, Exercise, and Recreation",Attending Sports or Recreational Events,"Watching skiing, ice skating, snowboarding"
130000,130200,130224,"Sports, Exercise, and Recreation",Attending Sports or Recreational Events,Watching soccer
130000,130200,130225,"Sports, Exercise, and Recreation",Attending Sports or Recreational Events,Watching softball
130000,130200,130226,"Sports, Exercise, and Recreation",Attending Sports or Recreational Events,Watching vehicle touring or racing
130000,130200,130227,"Sports, Exercise, and Recreation",Attending Sports or Recreational Events,Watching volleyball
130000,130200,130228,"Sports, Exercise, and Recreation",Attending Sports or Recreational Events,Watching walking
130000,130200,130229,"Sports, Exercise, and Recreation",Attending Sports or Recreational Events,Watching water sports
130000,130200,130230,"Sports, Exercise, and Recreation",Attending Sports or Recreational Events,Watching weightlifting or strength training
130000,130200,130231,"Sports, Exercise, and Recreation",Attending Sports or Recreational Events,"Watching people working out, unspecified"
130000,130200,130232,"Sports, Exercise, and Recreation",Attending Sports or Recreational Events,Watching wrestling
130000,130200,130299,"Sports, Exercise, and Recreation",Attending Sports or Recreational Events,Other Attending sporting events
130000,130300,130301,"Sports, Exercise, and Recreation","Waiting Associated with Sports, Exercise, and Recreation",Waiting related to playing sports or exercising
130000,130300,130302,"Sports, Exercise, and Recreation","Waiting Associated with Sports, Exercise, and Recreation",Waiting related to attending sporting events
130000,130300,130399,"Sports, Exercise, and Recreation","Waiting Associated with Sports, Exercise, and Recreation","Other Waiting associated with sports, exercise, and recreation"
130000,130400,130401,"Sports, Exercise, and Recreation","Security Procedures Related to Sports, Exercise, and Recreation",Security related to playing sports or exercising
130000,130400,130402,"Sports, Exercise, and Recreation","Security Procedures Related to Sports, Exercise, and Recreation",Security related to attending sporting events
130000,130400,130499,"Sports, Exercise, and Recreation","Security Procedures Related to Sports, Exercise, and Recreation","Other Security related to sports, exercise, and recreation"
130000,139900,139999,"Sports, Exercise, and Recreation","Sports, Exercise, and Recreation, n.e.c.","Other Sports, exercise, and recreation"
140000,140100,140101,Religious and Spiritual Activities,Religious or Spiritual Practices,Attending religious services
140000,140100,140102,Religious and Spiritual Activities,Religious or Spiritual Practices,Participation in religious practices
140000,140100,140103,Religious and Spiritual Activities,Religious or Spiritual Practices,Waiting associated with religious and spiritual activities
140000,140100,140104,Religious and Spiritual Activities,Religious or Spiritual Practices,Security procedures related to religious and spiritual activities
140000,140100,140105,Religious and Spiritual Activities,Religious or Spiritual Practices,Religious education activities (2007+)
140000,149900,149999,Religious and Spiritual Activities,"Religious and Spiritual Activities, n.e.c.",Other Religious and spiritual activities
150000,150100,150101,Volunteer Activities,Administrative and Support Activities,Computer use
150000,150100,150102,Volunteer Activities,Administrative and Support Activities,Organizing and preparing
150000,150100,150103,Volunteer Activities,Administrative and Support Activities,Reading
150000,150100,150104,Volunteer Activities,Administrative and Support Activities,Telephone calls (except hotline counseling)
150000,150100,150105,Volunteer Activities,Administrative and Support Activities,Writing
150000,150100,150106,Volunteer Activities,Administrative and Support Activities,Fundraising
150000,150100,150199,Volunteer Activities,Administrative and Support Activities,Other Administrative and support activities
150000,150200,150201,Volunteer Activities,Social Service and Care Activities (except medical),"Food preparation, presentation, clean-up"
150000,150200,150202,Volunteer Activities,Social Service and Care Activities (except medical),Collecting and delivering clothing and other goods
150000,150200,150203,Volunteer Activities,Social Service and Care Activities (except medical),Providing care
150000,150200,150204,Volunteer Activities,Social Service and Care Activities (except medical),"Teaching, leading, counseling, mentoring"
150000,150200,150299,Volunteer Activities,Social Service and Care Activities (except medical),Other Social service and care activities
150000,150300,150301,Volunteer Activities,"Indoor and Outdoor Maintenance, Building, and Clean-Up Activities","Building houses, wildlife sites, and other structures"
150000,150300,150302,Volunteer Activities,"Indoor and Outdoor Maintenance, Building, and Clean-Up Activities","Indoor and outdoor maintenance, repair, and clean-up"
150000,150300,150399,Volunteer Activities,"Indoor and Outdoor Maintenance, Building, and Clean-Up Activities","Other Indoor and outdoor maintenance, building, and clean-up activities"
150000,150400,150401,Volunteer Activities,Participating in Performance and Cultural Activities,Performing
150000,150400,150402,Volunteer Activities,Participating in Performance and Cultural Activities,Serving at volunteer events and cultural activities
150000,150400,150499,Volunteer Activities,Participating in Performance and Cultural Activities,Other Participating in performance and cultural activities
150000,150500,150501,Volunteer Activities,"Attending Meetings, Conferences, and Training","Attending meetings, conferences, and training"
150000,150500,150599,Volunteer Activities,"Attending Meetings, Conferences, and Training","Other Attending meetings, conferences, and training"
150000,150600,150601,Volunteer Activities,Public Health and Safety Activities,Public health activities
150000,150600,150602,Volunteer Activities,Public Health and Safety Activities,Public safety activities
150000,150600,150699,Volunteer Activities,Public Health and Safety Activities,Other Public health and safety activities
150000,150700,150701,Volunteer Activities,Waiting Associated with Volunteer Activities,Waiting associated with volunteer activities (2004+)
150000,150700,150799,Volunteer Activities,Waiting Associated with Volunteer Activities,Other Waiting associated with volunteer activities (2004+)
150000,150800,150801,Volunteer Activities,Security Procedures Related to Volunteer Activities,Security procedures related to volunteer activities (2007+)
150000,150800,150899,Volunteer Activities,Security Procedures Related to Volunteer Activities,Other Security proecdures related to voluteer activities (2007+)
150000,159900,159999,Volunteer Activities,"Volunteer Activities, n.e.c.",Other Volunteer activities
160000,160100,160101,Telephone Calls,Telephone Calls (to or from),Telephone calls to or from family members
160000,160100,160102,Telephone Calls,Telephone Calls (to or from),"Telephone calls to or from friends, neighbors, or acquaintances"
160000,160100,160103,Telephone Calls,Telephone Calls (to or from),Telephone calls to or from education services providers
160000,160100,160104,Telephone Calls,Telephone Calls (to or from),Telephone calls to or from salespeople
160000,160100,160105,Telephone Calls,Telephone Calls (to or from),Telephone calls to or from professional or personal care services providers
160000,160100,160106,Telephone Calls,Telephone Calls (to or from),Telephone calls to or from household services providers
160000,160100,160107,Telephone Calls,Telephone Calls (to or from),Telephone calls to or from paid child or adult care providers
160000,160100,160108,Telephone Calls,Telephone Calls (to or from),Telephone calls to or from government officials
160000,160100,160199,Telephone Calls,Telephone Calls (to or from),Other Telephone calls (to or from) (2004+)
160000,160200,160201,Telephone Calls,Waiting Associated with Telephone Calls,Waiting associated with telephone calls (2004+)
160000,160200,160299,Telephone Calls,Waiting Associated with Telephone Calls,Other Waiting associated with telephone calls (2004+)
160000,169900,169999,Telephone Calls,"Telephone Calls, n.e.c.",Other Telephone calls
180000,180100,180101,Traveling,Travel Related to Personal Care,Travel related to personal care
180000,180100,180199,Traveling,Travel Related to Personal Care,Other Travel related to personal care
180000,180200,180201,Traveling,Travel Related to Household Activities,Travel related to housework
180000,180200,180202,Traveling,Travel Related to Household Activities,"Travel related to food and drink preparation, clean-up, and presentation (2004+)"
180000,180200,180203,Traveling,Travel Related to Household Activities,"Travel related to interior maintenance, repair, and decoration (2004+)"
180000,180200,180204,Traveling,Travel Related to Household Activities,"Travel related to exterior maintenance, repair, and decoration (2004+)"
180000,180200,180205,Traveling,Travel Related to Household Activities,"Travel related to lawn, garden, and houseplant care (2004+)"
180000,180200,180206,Traveling,Travel Related to Household Activities,Travel related to care for animals and pets (not veterinary care) (2004+)
180000,180200,180207,Traveling,Travel Related to Household Activities,Travel related to vehicle care and maintenance (by self) (2004+)
180000,180200,180208,Traveling,Travel Related to Household Activities,"Travel related to appliance, tool, and toy set-up, repair, and maintenance (by self) (2004+)"
180000,180200,180209,Traveling,Travel Related to Household Activities,Travel related to household management
180000,180200,180299,Traveling,Travel Related to Household Activities,Other Travel related to household activities
180000,180300,180301,Traveling,Travel Related to Caring for and Helping Household Members,"Travel related to caring for and helping household children, inclusive (2003, 2004)"
180000,180300,180302,Traveling,Travel Related to Caring for and Helping Household Members,Travel related to caring for and helping household children (2005+)
180000,180300,180303,Traveling,Travel Related to Caring for and Helping Household Members,Travel related to household children's education (2005+)
180000,180300,180304,Traveling,Travel Related to Caring for and Helping Household Members,Travel related to household children's health (2005+)
180000,180300,180305,Traveling,Travel Related to Caring for and Helping Household Members,Travel related to caring for household adults (2005+)
180000,180300,180306,Traveling,Travel Related to Caring for and Helping Household Members,Travel related to helping household adults (2005+)
180000,180300,180307,Traveling,Travel Related to Caring for and Helping Household Members,"Travel related to caring for and helping household adults (2003, 2004)"
180000,180300,180399,Traveling,Travel Related to Caring for and Helping Household Members,Other Travel related to caring for and helping household members
180000,180400,180401,Traveling,Travel Related to Caring for and Helping Non-Household Members,"Travel related to caring for and helping non-household children, inclusive (2003, 2004)"
180000,180400,180402,Traveling,Travel Related to Caring for and Helping Non-Household Members,Travel related to caring for and helping non-household children (2005+)
180000,180400,180403,Traveling,Travel Related to Caring for and Helping Non-Household Members,Travel related to non-household children's education (2005+)
180000,180400,180404,Traveling,Travel Related to Caring for and Helping Non-Household Members,Travel related to non-household children's health (2005+)
180000,180400,180405,Traveling,Travel Related to Caring for and Helping Non-Household Members,Travel related to caring for non-household adults (2005+)
180000,180400,180406,Traveling,Travel Related to Caring for and Helping Non-Household Members,Travel related to helping non-household adults (2005+)
180000,180400,180407,Traveling,Travel Related to Caring for and Helping Non-Household Members,"Travel related to caring for and helping non-household adults (2003, 2004)"
180000,180400,180499,Traveling,Travel Related to Caring for and Helping Non-Household Members,Other Travel related to caring for and helping non-household members
180000,180500,180501,Traveling,Travel Related to Work,Travel related to working
180000,180500,180502,Traveling,Travel Related to Work,Travel related to work-related activities
180000,180500,180503,Traveling,Travel Related to Work,Travel related to income-generating activities (2004+)
180000,180500,180504,Traveling,Travel Related to Work,Travel related to job search and interviewing (2004+)
180000,180500,180599,Traveling,Travel Related to Work,Other Travel related to work
180000,180600,180601,Traveling,Travel Related to Education,Travel related to taking class
180000,180600,180602,Traveling,Travel Related to Education,Travel related to extracurricular activities (ex. sports) (2005+)
180000,180600,180603,Traveling,Travel Related to Education,Travel related to research or homework (2005+)
180000,180600,180604,Traveling,Travel Related to Education,Travel related to registration or administrative activities (2005+)
180000,180600,180605,Traveling,Travel Related to Education,"Education-related travel, not commuting (2003, 2004)"
180000,180600,180699,Traveling,Travel Related to Education,Other Travel related to education
180000,180700,180701,Traveling,Travel Related to Consumer Purchases,Travel related to grocery shopping
180000,180700,180702,Traveling,Travel Related to Consumer Purchases,"Travel related to other shopping, inclusive (2003, 2004)"
180000,180700,180703,Traveling,Travel Related to Consumer Purchases,Travel related to purchasing food (not groceries) (2005+)
180000,180700,180704,Traveling,Travel Related to Consumer Purchases,"Travel related to shopping, ex groceries, food, and gas (2005+)"
180000,180700,180705,Traveling,Travel Related to Consumer Purchases,Travel related to purchasing gas (2004+)
180000,180700,180799,Traveling,Travel Related to Consumer Purchases,Other Travel related to consumer purchases
180000,180800,180801,Traveling,Travel Related to Using Professional and Personal Care Services,Travel related to using childcare services
180000,180800,180802,Traveling,Travel Related to Using Professional and Personal Care Services,Travel related to using financial services and banking
180000,180800,180803,Traveling,Travel Related to Using Professional and Personal Care Services,Travel related to using legal services
180000,180800,180804,Traveling,Travel Related to Using Professional and Personal Care Services,Travel related to using medical services
180000,180800,180805,Traveling,Travel Related to Using Professional and Personal Care Services,Travel related to using personal care services
180000,180800,180806,Traveling,Travel Related to Using Professional and Personal Care Services,Travel related to using real estate services
180000,180800,180807,Traveling,Travel Related to Using Professional and Personal Care Services,Travel related to using veterinary services
180000,180800,180899,Traveling,Travel Related to Using Professional and Personal Care Services,Other Travel related to using professional and personal care services
180000,180900,180901,Traveling,Travel Related to Using Household Services,Travel related to using household services
180000,180900,180902,Traveling,Travel Related to Using Household Services,"Travel related to using home maintenance, repair, decoration, or construction services"
180000,180900,180903,Traveling,Travel Related to Using Household Services,Travel related to using pet services (not veterinary care)
180000,180900,180904,Traveling,Travel Related to Using Household Services,Travel related to using lawn and garden services
180000,180900,180905,Traveling,Travel Related to Using Household Services,Travel related to using vehicle maintenance and repair services
180000,180900,180999,Traveling,Travel Related to Using Household Services,Other Travel related to using household services
180000,181000,181001,Traveling,Travel Related to Using Government Services and Civic Obligations,Travel related to using government services
180000,181000,181002,Traveling,Travel Related to Using Government Services and Civic Obligations,Travel related to civic obligations and participation
180000,181000,181099,Traveling,Travel Related to Using Government Services and Civic Obligations,Other Travel related to government services and civic obligations
180000,181100,181101,Traveling,Travel Related to Eating and Drinking,Travel related to eating and drinking
180000,181100,181199,Traveling,Travel Related to Eating and Drinking,Other Travel related to eating and drinking
180000,181200,181201,Traveling,"Travel Related to Socializing, Relaxing, and Leisure",Travel related to socializing and communicating
180000,181200,181202,Traveling,"Travel Related to Socializing, Relaxing, and Leisure",Travel related to attending or hosting social events
180000,181200,181203,Traveling,"Travel Related to Socializing, Relaxing, and Leisure","Travel related to relaxing and leisure (2003, 2004)"
180000,181200,181204,Traveling,"Travel Related to Socializing, Relaxing, and Leisure",Travel related to arts and entertainment
180000,181200,181205,Traveling,"Travel Related to Socializing, Relaxing, and Leisure",Travel as a form of entertainment (2005+)
180000,181200,181206,Traveling,"Travel Related to Socializing, Relaxing, and Leisure",Travel related to relaxing and leisure (2005+)
180000,181200,181299,Traveling,"Travel Related to Socializing, Relaxing, and Leisure","Other Travel related to socializing, relaxing, and leisure"
180000,181300,181301,Traveling,"Travel Related to Sports, Exercise, and Recreation","Travel related to participating in sports, exercise, or recreation"
180000,181300,181302,Traveling,"Travel Related to Sports, Exercise, and Recreation",Travel related to attending sporting or recreational events
180000,181300,181399,Traveling,"Travel Related to Sports, Exercise, and Recreation","Other Travel related to sports, exercise, and recreation"
180000,181400,181401,Traveling,Travel Related to Religious or Spiritual Activities,Travel related to religious or spiritual practices
180000,181400,181499,Traveling,Travel Related to Religious or Spiritual Activities,Other Travel related to religious or spiritual activities
180000,181500,181501,Traveling,Travel Related to Volunteering,Travel related to volunteering
180000,181500,181599,Traveling,Travel Related to Volunteering,Other Travel related to volunteer activities
180000,181600,181601,Traveling,Travel Related to Phone Calls,Travel related to phone calls
180000,181600,181699,Traveling,Travel Related to Phone Calls,Other Travel related to phone calls
180000,181800,181801,Traveling,Security Procedures Related to Traveling,Security procedures related to traveling
180000,181800,181899,Traveling,Security Procedures Related to Traveling,Other Security procedures related to traveling
180000,189900,189999,Traveling,"Traveling, n.e.c.",Other Traveling
500000,500100,500101,Data Codes,Unable to Code,Insufficient detail in verbatim
500000,500100,500102,Data Codes,Unable to Code,"Recorded activity using incorrect words (ex. going, went, in, at) (2003 only)"
500000,500100,500103,Data Codes,Unable to Code,Missing travel or destination
500000,500100,500104,Data Codes,Unable to Code,Recorded simultaneous activities incorrectly
500000,500100,500105,Data Codes,Unable to Code,Respondent refused to provide information or responded 'none of your business'
500000,500100,500106,Data Codes,Unable to Code,Gap or can't remember
500000,500100,500107,Data Codes,Unable to Code,Unable to code activity at 1st tier
500000,509900,509999,Data Codes,"Data codes, n.e.c.",Other Data codes
